date,subreddit,members,weekly_visitors,weekly_contributions
2026-04-04,ClaudeCode,200710,766236,24643
2026-04-04,codex,56758,251722,4957
2026-04-04,google_antigravity,47743,169653,2885
2026-04-04,cursor,130658,162893,2202
2026-04-04,GithubCopilot,60615,152984,3424
2026-04-04,windsurf,13987,15802,2333
2026-04-04,CLine,17328,10024,142
2026-04-05,ClaudeCode,202352,830524,26702
2026-04-05,codex,57588,262429,5630
2026-04-05,google_antigravity,47883,163341,2769
2026-04-05,cursor,130783,162902,2286
2026-04-05,GithubCopilot,60837,157235,2609
2026-04-05,windsurf,14015,16661,1215
2026-04-05,CLine,17340,10147,117
2026-04-06,ClaudeCode,203270,830524,26702
2026-04-06,codex,58002,262429,5630
2026-04-06,google_antigravity,47941,163341,2769
2026-04-06,cursor,130847,162902,2286
2026-04-06,GithubCopilot,60960,157235,2609
2026-04-06,windsurf,14024,16661,1215
2026-04-06,CLine,17343,10147,117
2026-04-07,ClaudeCode,204743,830524,26702
2026-04-07,codex,58478,262429,5630
2026-04-07,google_antigravity,48050,163341,2769
2026-04-07,cursor,130960,162902,2286
2026-04-07,GithubCopilot,61110,157235,2609
2026-04-07,windsurf,14033,16661,1215
2026-04-07,CLine,17355,10147,117
2026-04-08,ClaudeCode,206497,830524,26702
2026-04-08,codex,59131,262429,5630
2026-04-08,google_antigravity,48198,163341,2769
2026-04-08,cursor,131113,162902,2286
2026-04-08,GithubCopilot,61343,157235,2609
2026-04-08,windsurf,14050,16661,1215
2026-04-08,CLine,17361,10147,117
2026-04-09,ClaudeCode,208545,830524,26702
2026-04-09,codex,60063,262429,5630
2026-04-09,google_antigravity,48469,163341,2769
2026-04-09,cursor,131253,162902,2286
2026-04-09,GithubCopilot,61547,157235,2609
2026-04-09,windsurf,14070,16661,1215
2026-04-09,CLine,17368,10147,117
2026-04-10,ClaudeCode,210392,830524,26702
2026-04-10,codex,60854,262429,5630
2026-04-10,google_antigravity,48774,163341,2769
2026-04-10,cursor,131387,162902,2286
2026-04-10,GithubCopilot,61755,157235,2609
2026-04-10,windsurf,14094,16661,1215
2026-04-10,CLine,17381,10147,117
2026-04-11,ClaudeCode,212441,830524,26702
2026-04-11,codex,62076,262429,5630
2026-04-11,google_antigravity,49053,163341,2769
2026-04-11,cursor,131532,162902,2286
2026-04-11,GithubCopilot,61968,157235,2609
2026-04-11,windsurf,14111,16661,1215
2026-04-11,CLine,17387,10147,117
2026-04-12,ClaudeCode,214038,830524,26702
2026-04-12,codex,62880,262429,5630
2026-04-12,google_antigravity,49230,163341,2769
2026-04-12,cursor,131692,162902,2286
2026-04-12,GithubCopilot,62196,157235,2609
2026-04-12,windsurf,14122,16661,1215
2026-04-12,CLine,17394,10147,117
2026-04-13,ClaudeCode,215920,830524,26702
2026-04-13,codex,63751,262429,5630
2026-04-13,google_antigravity,49484,163341,2769
2026-04-13,cursor,131844,162902,2286
2026-04-13,GithubCopilot,62429,157235,2609
2026-04-13,windsurf,14151,16661,1215
2026-04-13,CLine,17410,10147,117
2026-04-14,ClaudeCode,218294,902135,23115
2026-04-14,codex,64713,271652,9377
2026-04-14,GithubCopilot,62653,155005,2612
2026-04-14,cursor,131959,140947,2086
2026-04-14,google_antigravity,49764,140665,2621
2026-04-14,windsurf,14165,17497,660
2026-04-14,CLine,17419,10202,68
2026-04-15,ClaudeCode,220316,913475,23305
2026-04-15,codex,65579,272315,9629
2026-04-15,GithubCopilot,62920,154581,2719
2026-04-15,cursor,132086,139930,2099
2026-04-15,google_antigravity,49997,139470,2774
2026-04-15,windsurf,14186,17595,653
2026-04-15,CLine,17430,10210,53
2026-04-16,ClaudeCode,222652,913475,23305
2026-04-16,codex,66359,272315,9629
2026-04-16,GithubCopilot,63196,154581,2719
2026-04-16,cursor,132251,139930,2099
2026-04-16,google_antigravity,50333,139470,2774
2026-04-16,windsurf,14211,17595,653
2026-04-16,CLine,17450,10210,53
2026-04-17,ClaudeCode,225399,938498,23743
2026-04-17,codex,67204,275292,9844
2026-04-17,GithubCopilot,63490,157479,3905
2026-04-17,cursor,132530,138409,2018
2026-04-17,google_antigravity,50569,138253,2788
2026-04-17,windsurf,14240,17685,596
2026-04-17,CLine,17463,10313,56
2026-04-18,ClaudeCode,228006,961564,25566
2026-04-18,codex,67934,278348,9168
2026-04-18,GithubCopilot,63803,158113,4888
2026-04-18,cursor,132666,138630,2308
2026-04-18,google_antigravity,50798,137691,2855
2026-04-18,windsurf,14267,17546,590
2026-04-18,CLine,17468,10362,59
