date,time_utc,subreddit,members,weekly_visitors,weekly_contributions
2026-04-24,14:08:37,ClaudeAI,786498,2693766,34757
2026-04-24,14:08:37,ChatGPT,11456184,2199596,24303
2026-04-24,14:08:37,grok,185335,508216,8991
2026-04-24,14:08:37,GeminiAI,290753,484035,8046
2026-04-28,12:19:46,ClaudeAI,798752,2622901,28039
2026-04-28,12:19:46,ChatGPT,11462907,2515668,37432
2026-04-28,12:19:46,GeminiAI,293987,524125,8078
2026-04-28,12:19:46,grok,187008,520167,18610
2026-04-29,12:10:36,ClaudeAI,802176,2558940,27075
2026-04-29,12:10:36,ChatGPT,11464171,2523105,38101
2026-04-29,12:10:36,GeminiAI,294762,528099,7852
2026-04-29,12:10:36,grok,187351,519038,18378
2026-04-30,12:08:09,ChatGPT,11466015,2505653,38161
2026-04-30,12:08:09,ClaudeAI,805363,2483274,25773
2026-04-30,12:08:09,GeminiAI,296141,533016,7826
2026-04-30,12:08:09,grok,187682,523096,16611
2026-05-01,11:50:23,ChatGPT,11467169,2526203,37715
2026-05-01,11:50:23,ClaudeAI,807992,2454164,24936
2026-05-01,11:50:23,GeminiAI,296938,537554,7715
2026-05-01,11:50:23,grok,187943,521510,15133
2026-05-02,11:37:00,ChatGPT,11468542,2528183,38201
2026-05-02,11:37:00,ClaudeAI,810587,2429816,24681
2026-05-02,11:37:00,GeminiAI,297561,539461,7508
2026-05-02,11:37:00,grok,188205,518756,13235
2026-05-03,11:35:03,ChatGPT,11470201,2553671,40105
2026-05-03,11:35:03,ClaudeAI,813204,2415008,23781
2026-05-03,11:35:03,GeminiAI,298237,541444,7494
2026-05-03,11:35:03,grok,188537,515853,11999
2026-05-04,12:17:54,ChatGPT,11471634,2594717,40091
2026-05-04,12:17:54,ClaudeAI,816036,2402408,23165
2026-05-04,12:17:54,GeminiAI,299022,538135,7387
2026-05-04,12:17:54,grok,188785,512778,10952
2026-05-05,11:10:13,ChatGPT,11473226,2482739,38137
2026-05-05,11:10:13,ClaudeAI,818420,2387456,22939
2026-05-05,11:10:13,GeminiAI,299687,535253,7262
2026-05-05,11:10:13,grok,189043,508200,10338
2026-05-06,12:23:22,ChatGPT,11474527,2449225,36973
2026-05-06,12:23:22,ClaudeAI,821323,2364168,22452
2026-05-06,12:23:22,GeminiAI,300875,537245,7608
2026-05-06,12:23:22,grok,189293,507942,10095
2026-05-07,12:59:07,ChatGPT,11476045,2389049,37747
2026-05-07,12:59:07,ClaudeAI,825218,2349299,22863
2026-05-07,12:59:07,GeminiAI,301824,536389,7413
2026-05-07,12:59:07,grok,189938,511109,10198
2026-05-08,11:02:20,ChatGPT,11477423,2402989,39001
2026-05-08,11:02:20,ClaudeAI,828322,2332124,23254
2026-05-08,11:02:20,GeminiAI,302517,533551,7273
2026-05-08,11:02:20,grok,190201,509814,9847
2026-05-10,11:41:39,ChatGPT,11479920,2430359,34376
2026-05-10,11:41:39,ClaudeAI,834198,2299692,24586
2026-05-10,11:41:39,GeminiAI,303698,524460,7091
2026-05-10,11:41:39,grok,190862,505569,9766
